tweetid,user,content,date,lang,sentiment
767817507897872384,71463624,grande,2016-08-22 20:15:33+00:00,es,1
767817507897872385,71463624,gordo,2016-08-22 20:15:33+00:01,es,0
767817507897872386,71463624,estrecho,2016-08-22 20:15:33+00:02,es,0
767817507897872387,71463624,grotesco,2016-08-22 20:15:33+00:03,es,0
767817507897872388,71463624,torpe,2016-08-22 20:15:33+00:04,es,0
767817507897872389,71463624,sucio,2016-08-22 20:15:33+00:05,es,0
767817507897872390,71463624,cálido,2016-08-22 20:15:33+00:06,es,1
767817507897872391,71463624,complicado,2016-08-22 20:15:33+00:07,es,0
767817507897872392,71463624,rudo,2016-08-22 20:15:33+00:08,es,1
767817507897872393,71463624,humilde,2016-08-22 20:15:33+00:09,es,1
767817507897872394,71463624,curioso,2016-08-22 20:15:33+00:10,es,1
767817507897872395,71463624,feo,2016-08-22 20:15:33+00:11,es,0
767817507897872396,71463624,lento,2016-08-22 20:15:33+00:12,es,0
767817507897872397,71463624,maduro,2016-08-22 20:15:33+00:13,es,1
767817507897872398,71463624,ácido,2016-08-22 20:15:33+00:14,es,0
767817507897872399,71463624,rugoso,2016-08-22 20:15:33+00:15,es,0
767817507897872400,71463624,arrugado,2016-08-22 20:15:33+00:16,es,0
767817507897872401,71463624,pegajoso,2016-08-22 20:15:33+00:17,es,0
767817507897872402,71463624,elegante,2016-08-22 20:15:33+00:18,es,1
767817507897872403,71463624,introvertido,2016-08-22 20:15:33+00:19,es,0
767817507897872404,71463624,triste,2016-08-22 20:15:33+00:20,es,0
767817507897872405,71463624,indiferente,2016-08-22 20:15:33+00:21,es,0
767817507897872406,71463624,moderno,2016-08-22 20:15:33+00:22,es,1
767817507897872407,71463624,decadente,2016-08-22 20:15:33+00:23,es,0
767817507897872408,71463624,nuevo,2016-08-22 20:15:33+00:24,es,1
767817507897872409,71463624,firme,2016-08-22 20:15:33+00:25,es,1
767817507897872410,71463624,valiente,2016-08-22 20:15:33+00:26,es,1
767817507897872411,71463624,disciplinado,2016-08-22 20:15:33+00:27,es,1
767817507897872412,71463624,simpático,2016-08-22 20:15:33+00:28,es,1
767817507897872413,71463624,realista,2016-08-22 20:15:33+00:29,es,1
767817507897872414,71463624,sólido,2016-08-22 20:15:33+00:30,es,1
767817507897872415,71463624,seco,2016-08-22 20:15:33+00:31,es,1
767817507897872416,71463624,oscuro,2016-08-22 20:15:33+00:32,es,1
767817507897872417,71463624,esperanzador,2016-08-22 20:15:33+00:33,es,1
767817507897872418,71463624,dócil,2016-08-22 20:15:33+00:34,es,0
767817507897872419,71463624,obsoleto,2016-08-22 20:15:33+00:35,es,0
767817507897872420,71463624,prudente,2016-08-22 20:15:33+00:36,es,1
767817507897872421,71463624,talentoso,2016-08-22 20:15:33+00:37,es,1
767817507897872422,71463624,egocéntrico,2016-08-22 20:15:33+00:38,es,0
767817507897872423,71463624,riguroso,2016-08-22 20:15:33+00:39,es,1
767817507897872424,71463624,fuerte,2016-08-22 20:15:33+00:40,es,1
767817507897872425,71463624,azulado,2016-08-22 20:15:33+00:41,es,1
767817507897872426,71463624,peludo,2016-08-22 20:15:33+00:42,es,0
767817507897872427,71463624,espeluznante,2016-08-22 20:15:33+00:43,es,0
767817507897872428,71463624,inspirador,2016-08-22 20:15:33+00:44,es,1
767817507897872429,71463624,caro,2016-08-22 20:15:33+00:45,es,0
767817507897872430,71463624,adorable,2016-08-22 20:15:33+00:46,es,1
767817507897872431,71463624,pequeño,2016-08-22 20:15:33+00:47,es,1
767817507897872432,71463624,flaco,2016-08-22 20:15:33+00:48,es,0
767817507897872433,71463624,fino,2016-08-22 20:15:33+00:49,es,1
767817507897872434,71463624,inteligente,2016-08-22 20:15:33+00:50,es,1
767817507897872435,71463624,culto,2016-08-22 20:15:33+00:51,es,1
767817507897872436,71463624,frío,2016-08-22 20:15:33+00:52,es,0
767817507897872437,71463624,helado,2016-08-22 20:15:33+00:53,es,0
767817507897872438,71463624,sencillo,2016-08-22 20:15:33+00:54,es,1
767817507897872439,71463624,bruto,2016-08-22 20:15:33+00:55,es,0
767817507897872440,71463624,modesto,2016-08-22 20:15:33+00:56,es,1
767817507897872441,71463624,apático,2016-08-22 20:15:33+00:57,es,0
767817507897872442,71463624,horrible,2016-08-22 20:15:33+00:58,es,0
767817507897872443,71463624,veloz,2016-08-22 20:15:33+00:59,es,0
767817507897872444,71463624,inmaduro,2016-08-22 20:15:33+00:60,es,0
767817507897872445,71463624,salado,2016-08-22 20:15:33+00:61,es,1
767817507897872446,71463624,suave,2016-08-22 20:15:33+00:62,es,1
767817507897872447,71463624,liso,2016-08-22 20:15:33+00:63,es,0
767817507897872448,71463624,adherente,2016-08-22 20:15:33+00:64,es,1
767817507897872449,71463624,tímido,2016-08-22 20:15:33+00:65,es,0
767817507897872450,71463624,entusiasta,2016-08-22 20:15:33+00:66,es,1
767817507897872451,71463624,contento,2016-08-22 20:15:33+00:67,es,1
767817507897872452,71463624,sensible,2016-08-22 20:15:33+00:68,es,1
767817507897872453,71463624,verde,2016-08-22 20:15:33+00:69,es,1
767817507897872454,71463624,antiguo,2016-08-22 20:15:33+00:70,es,0
767817507897872455,71463624,innovador,2016-08-22 20:15:33+00:71,es,1
767817507897872456,71463624,usado,2016-08-22 20:15:33+00:72,es,0
767817507897872457,71463624,blandengue,2016-08-22 20:15:33+00:73,es,0
767817507897872458,71463624,cobarde,2016-08-22 20:15:33+00:74,es,0
767817507897872459,71463624,indisciplinado,2016-08-22 20:15:33+00:75,es,0
767817507897872460,71463624,antipático,2016-08-22 20:15:33+00:76,es,0
767817507897872461,71463624,soñador,2016-08-22 20:15:33+00:77,es,1
767817507897872462,71463624,brillante,2016-08-22 20:15:33+00:78,es,1
767817507897872463,71463624,claro,2016-08-22 20:15:33+00:79,es,1
767817507897872464,71463624,tierno,2016-08-22 20:15:33+00:80,es,1
767817507897872465,71463624,ágil,2016-08-22 20:15:33+00:81,es,1
767817507897872466,71463624,vencido,2016-08-22 20:15:33+00:82,es,0
767817507897872467,71463624,imprudente,2016-08-22 20:15:33+00:83,es,1
767817507897872468,71463624,fértil,2016-08-22 20:15:33+00:84,es,1
767817507897872469,71463624,dinámico,2016-08-22 20:15:33+00:85,es,1
767817507897872470,71463624,solidario,2016-08-22 20:15:33+00:86,es,0
767817507897872471,71463624,justo,2016-08-22 20:15:33+00:87,es,1
767817507897872472,71463624,poderoso,2016-08-22 20:15:33+00:88,es,1
767817507897872473,71463624,robusto,2016-08-22 20:15:33+00:89,es,1
767817507897872474,71463624,miedoso,2016-08-22 20:15:33+00:90,es,1
767817507897872475,71463624,tentador,2016-08-22 20:15:33+00:91,es,1
767817507897872476,71463624,barato,2016-08-22 20:15:33+00:92,es,1
767817507897872477,71463624,travieso,2016-08-22 20:15:33+00:93,es,0
767817507897872478,71463624,tonto,2016-08-22 20:15:33+00:94,es,0
767817507897872479,71463624,ignorante,2016-08-22 20:15:33+00:95,es,0
767817507897872480,71463624,caliente,2016-08-22 20:15:33+00:96,es,0
767817507897872481,71463624,espontáneo,2016-08-22 20:15:33+00:97,es,1
767817507897872482,71463624,amable,2016-08-22 20:15:33+00:98,es,1
767817507897872483,71463624,astuto,2016-08-22 20:15:33+00:99,es,1
767817507897872484,71463624,presumido,2016-08-22 20:15:33+00:100,es,0
767817507897872485,71463624,bello,2016-08-22 20:15:33+00:101,es,1
767817507897872486,71463624,agradable,2016-08-22 20:15:33+00:102,es,1
767817507897872487,71463624,rápido,2016-08-22 20:15:33+00:103,es,1
767817507897872488,71463624,dulce,2016-08-22 20:15:33+00:104,es,1
767817507897872489,71463624,áspero,2016-08-22 20:15:33+00:105,es,0
767817507897872490,71463624,sedoso,2016-08-22 20:15:33+00:106,es,1
767817507897872491,71463624,común,2016-08-22 20:15:33+00:107,es,1
767817507897872492,71463624,audaz,2016-08-22 20:15:33+00:108,es,1
767817507897872493,71463624,alegre,2016-08-22 20:15:33+00:109,es,1
767817507897872494,71463624,desanimado,2016-08-22 20:15:33+00:110,es,0
767817507897872495,71463624,insensible,2016-08-22 20:15:33+00:111,es,0
767817507897872496,71463624,colorido,2016-08-22 20:15:33+00:112,es,1
767817507897872497,71463624,joven,2016-08-22 20:15:33+00:113,es,1
767817507897872498,71463624,analítico,2016-08-22 20:15:33+00:114,es,1
767817507897872499,71463624,sinuoso,2016-08-22 20:15:33+00:115,es,1
767817507897872500,71463624,trabajador,2016-08-22 20:15:33+00:116,es,1
767817507897872501,71463624,retador,2016-08-22 20:15:33+00:117,es,1
767817507897872502,71463624,relajado,2016-08-22 20:15:33+00:118,es,1
767817507897872503,71463624,cauteloso,2016-08-22 20:15:33+00:119,es,1
767817507897872504,71463624,opaco,2016-08-22 20:15:33+00:120,es,0
767817507897872505,71463624,tenebroso,2016-08-22 20:15:33+00:121,es,0
767817507897872506,71463624,útil,2016-08-22 20:15:33+00:122,es,1
767817507897872507,71463624,luchador,2016-08-22 20:15:33+00:123,es,1
767817507897872508,71463624,atrevido,2016-08-22 20:15:33+00:124,es,1
767817507897872509,71463624,estéril,2016-08-22 20:15:33+00:125,es,0
767817507897872510,71463624,estudioso,2016-08-22 20:15:33+00:126,es,1
767817507897872511,71463624,caritativo,2016-08-22 20:15:33+00:127,es,1
767817507897872512,71463624,sabio,2016-08-22 20:15:33+00:128,es,1
767817507897872513,71463624,débil,2016-08-22 20:15:33+00:129,es,1
767817507897872514,71463624,escurridizo,2016-08-22 20:15:33+00:130,es,1
767817507897872515,71463624,nublado,2016-08-22 20:15:33+00:131,es,0
767817507897872516,71463624,considerado,2016-08-22 20:15:33+00:132,es,1
767817507897872517,71463624,atemorizante,2016-08-22 20:15:33+00:133,es,1
767817507897872518,71463624,insípido,2016-08-22 20:15:33+00:134,es,0
767817507897872519,71463624,irrompible,2016-08-22 20:15:33+00:135,es,1
767817507897872520,71463624,tranquilo,2016-08-22 20:15:33+00:136,es,1
767817507897872521,71463624,bajo,2016-08-22 20:15:33+00:137,es,1
767817507897872522,71463624,largo,2016-08-22 20:15:33+00:138,es,1
767817507897872523,71463624,delicado,2016-08-22 20:15:33+00:139,es,1
767817507897872524,71463624,hábil,2016-08-22 20:15:33+00:140,es,1
767817507897872525,71463624,limpio,2016-08-22 20:15:33+00:141,es,1
767817507897872526,71463624,tibio,2016-08-22 20:15:33+00:142,es,0
767817507897872527,71463624,simple,2016-08-22 20:15:33+00:143,es,1
767817507897872528,71463624,gentil,2016-08-22 20:15:33+00:144,es,1
767817507897872529,71463624,ingenuo,2016-08-22 20:15:33+00:145,es,1
767817507897872530,71463624,altanero,2016-08-22 20:15:33+00:146,es,1
767817507897872531,71463624,hermoso,2016-08-22 20:15:33+00:147,es,1
767817507897872532,71463624,desagradable,2016-08-22 20:15:33+00:148,es,0
767817507897872533,71463624,regio,2016-08-22 20:15:33+00:149,es,0
767817507897872534,71463624,amargo,2016-08-22 20:15:33+00:150,es,0
767817507897872535,71463624,blando,2016-08-22 20:15:33+00:151,es,0
767817507897872536,71463624,aterciopelado,2016-08-22 20:15:33+00:152,es,0
767817507897872537,71463624,duro,2016-08-22 20:15:33+00:153,es,1
767817507897872538,71463624,ordinario,2016-08-22 20:15:33+00:154,es,0
767817507897872539,71463624,extrovertido,2016-08-22 20:15:33+00:155,es,1
767817507897872540,71463624,feliz,2016-08-22 20:15:33+00:156,es,1
767817507897872541,71463624,animado,2016-08-22 20:15:33+00:157,es,1
767817507897872542,71463624,contemporáneo,2016-08-22 20:15:33+00:158,es,1
767817507897872543,71463624,viejo,2016-08-22 20:15:33+00:159,es,1
767817507897872544,71463624,práctico,2016-08-22 20:15:33+00:160,es,1
767817507897872545,71463624,directo,2016-08-22 20:15:33+00:161,es,1
767817507897872546,71463624,flojo,2016-08-22 20:15:33+00:162,es,0
767817507897872547,71463624,conformista,2016-08-22 20:15:33+00:163,es,0
767817507897872548,71463624,tenso,2016-08-22 20:15:33+00:164,es,0
767817507897872549,71463624,arriesgado,2016-08-22 20:15:33+00:165,es,0
767817507897872550,71463624,húmedo,2016-08-22 20:15:33+00:166,es,0
767817507897872551,71463624,luminoso,2016-08-22 20:15:33+00:167,es,1
767817507897872552,71463624,amigable,2016-08-22 20:15:33+00:168,es,1
767817507897872553,71463624,inútil,2016-08-22 20:15:33+00:169,es,0
767817507897872554,71463624,actual,2016-08-22 20:15:33+00:170,es,1
767817507897872555,71463624,perdedor,2016-08-22 20:15:33+00:171,es,0
767817507897872556,71463624,sigiloso,2016-08-22 20:15:33+00:172,es,0
767817507897872557,71463624,fecundo,2016-08-22 20:15:33+00:173,es,0
767817507897872558,71463624,consecuente,2016-08-22 20:15:33+00:174,es,0
767817507897872559,71463624,egoísta,2016-08-22 20:15:33+00:175,es,0
767817507897872560,71463624,paciente,2016-08-22 20:15:33+00:176,es,1
767817507897872561,71463624,frágil,2016-08-22 20:15:33+00:177,es,0
767817507897872562,71463624,baboso,2016-08-22 20:15:33+00:178,es,0
767817507897872563,71463624,vaporoso,2016-08-22 20:15:33+00:179,es,0
767817507897872564,71463624,desconsiderado,2016-08-22 20:15:33+00:180,es,0
767817507897872565,71463624,amenazador,2016-08-22 20:15:33+00:181,es,0
767817507897872566,71463624,sorprendente,2016-08-22 20:15:33+00:182,es,0
767817507897872567,71463624,indestructible,2016-08-22 20:15:33+00:183,es,0
767817507897872568,71463624,colérico,2016-08-22 20:15:33+00:184,es,0
767817507897872569,71463624,Abanto,2016-08-22 20:15:33+00:185,es,0
767817507897872570,71463624,Abrazafarolas,2016-08-22 20:15:33+00:186,es,0
767817507897872571,71463624,Adufe,2016-08-22 20:15:33+00:187,es,0
767817507897872572,71463624,Alcornoque,2016-08-22 20:15:33+00:188,es,0
767817507897872573,71463624,Alfeñique,2016-08-22 20:15:33+00:189,es,0
767817507897872574,71463624,Andurriasmo,2016-08-22 20:15:33+00:190,es,0
767817507897872575,71463624,Arrastracueros,2016-08-22 20:15:33+00:191,es,0
767817507897872576,71463624, Artabán,2016-08-22 20:15:33+00:192,es,0
767817507897872577,71463624,Atarre,2016-08-22 20:15:33+00:193,es,0
767817507897872578,71463624,Baboso,2016-08-22 20:15:33+00:194,es,0
767817507897872579,71463624,Barrabás,2016-08-22 20:15:33+00:195,es,0
767817507897872580,71463624,Barriobajero,2016-08-22 20:15:33+00:196,es,0
767817507897872581,71463624,Bebecharcos,2016-08-22 20:15:33+00:197,es,0
767817507897872582,71463624,Bellaco,2016-08-22 20:15:33+00:198,es,0
767817507897872583,71463624,Belloto,2016-08-22 20:15:33+00:199,es,0
767817507897872584,71463624,Berzotas,2016-08-22 20:15:33+00:200,es,0
767817507897872585,71463624,Besugo,2016-08-22 20:15:33+00:201,es,0
767817507897872586,71463624,Bobalicón,2016-08-22 20:15:33+00:202,es,0
767817507897872587,71463624,Bocabuzón,2016-08-22 20:15:33+00:203,es,0
767817507897872588,71463624,Bocachancla,2016-08-22 20:15:33+00:204,es,0
767817507897872589,71463624,Bocallanta,2016-08-22 20:15:33+00:205,es,0
767817507897872590,71463624,Boquimuelle,2016-08-22 20:15:33+00:206,es,0
767817507897872591,71463624,Borrico,2016-08-22 20:15:33+00:207,es,0
767817507897872592,71463624, Botarate,2016-08-22 20:15:33+00:208,es,0
767817507897872593,71463624,Brasas,2016-08-22 20:15:33+00:209,es,0
767817507897872594,71463624,Cabestro,2016-08-22 20:15:33+00:210,es,0
767817507897872595,71463624,Cabezaalberca,2016-08-22 20:15:33+00:211,es,0
767817507897872596,71463624, Cabezabuque,2016-08-22 20:15:33+00:212,es,0
767817507897872597,71463624,Cachibache,2016-08-22 20:15:33+00:213,es,0
767817507897872598,71463624, Cafre,2016-08-22 20:15:33+00:214,es,0
767817507897872599,71463624,Cagalindes,2016-08-22 20:15:33+00:215,es,0
767817507897872600,71463624,Cagarruta,2016-08-22 20:15:33+00:216,es,0
767817507897872601,71463624, Calambuco,2016-08-22 20:15:33+00:217,es,0
767817507897872602,71463624,Calamidad,2016-08-22 20:15:33+00:218,es,0
767817507897872603,71463624,Caldúo,2016-08-22 20:15:33+00:219,es,0
767817507897872604,71463624,Calientahielos,2016-08-22 20:15:33+00:220,es,0
767817507897872605,71463624,Calzamonas,2016-08-22 20:15:33+00:221,es,0
767817507897872606,71463624,Cansalmas,2016-08-22 20:15:33+00:222,es,0
767817507897872607,71463624,Cantamañanas,2016-08-22 20:15:33+00:223,es,0
767817507897872608,71463624,Capullo,2016-08-22 20:15:33+00:224,es,0
767817507897872609,71463624,Caracaballo,2016-08-22 20:15:33+00:225,es,0
767817507897872610,71463624,Caracartón,2016-08-22 20:15:33+00:226,es,0
767817507897872611,71463624,Caraculo,2016-08-22 20:15:33+00:227,es,0
767817507897872612,71463624,Caraflema,2016-08-22 20:15:33+00:228,es,0
767817507897872613,71463624,Carajaula,2016-08-22 20:15:33+00:229,es,0
767817507897872614,71463624,Carajote,2016-08-22 20:15:33+00:230,es,0
767817507897872615,71463624,Carapapa,2016-08-22 20:15:33+00:231,es,0
767817507897872616,71463624,Carapijo,2016-08-22 20:15:33+00:232,es,0
767817507897872617,71463624,Cazurro,2016-08-22 20:15:33+00:233,es,0
767817507897872618,71463624,Cebollino ,2016-08-22 20:15:33+00:234,es,0
767817507897872619,71463624,Cenizo,2016-08-22 20:15:33+00:235,es,0
767817507897872620,71463624,Cenutrio,2016-08-22 20:15:33+00:236,es,0
767817507897872621,71463624,Ceporro,2016-08-22 20:15:33+00:237,es,0
767817507897872622,71463624,Cernícalo,2016-08-22 20:15:33+00:238,es,0
767817507897872623,71463624,Charrán,2016-08-22 20:15:33+00:239,es,0
767817507897872624,71463624,Chiquilicuatre,2016-08-22 20:15:33+00:240,es,0
767817507897872625,71463624,Chirimbaina,2016-08-22 20:15:33+00:241,es,0
767817507897872626,71463624,Chupacables,2016-08-22 20:15:33+00:242,es,0
767817507897872627,71463624,Chupasangre,2016-08-22 20:15:33+00:243,es,0
767817507897872628,71463624,Chupóptero,2016-08-22 20:15:33+00:244,es,0
767817507897872629,71463624,Cierrabares,2016-08-22 20:15:33+00:245,es,0
767817507897872630,71463624,Cipote,2016-08-22 20:15:33+00:246,es,0
767817507897872631,71463624,Comebolsas,2016-08-22 20:15:33+00:247,es,0
767817507897872632,71463624,Comechapas,2016-08-22 20:15:33+00:248,es,0
767817507897872633,71463624,Comeflores,2016-08-22 20:15:33+00:249,es,0
767817507897872634,71463624,Comestacas,2016-08-22 20:15:33+00:250,es,0
767817507897872635,71463624,Cretino,2016-08-22 20:15:33+00:251,es,0
767817507897872636,71463624, Cuerpoescombro,2016-08-22 20:15:33+00:252,es,0
767817507897872637,71463624,Culopollo,2016-08-22 20:15:33+00:253,es,0
767817507897872638,71463624,Descerebrado,2016-08-22 20:15:33+00:254,es,0
767817507897872639,71463624,Desgarracalzas,2016-08-22 20:15:33+00:255,es,0
767817507897872640,71463624,Dondiego,2016-08-22 20:15:33+00:256,es,0
767817507897872641,71463624,Donnadie,2016-08-22 20:15:33+00:257,es,0
767817507897872642,71463624,Echacantos,2016-08-22 20:15:33+00:258,es,0
767817507897872643,71463624,Ejarramantas,2016-08-22 20:15:33+00:259,es,0
767817507897872644,71463624,Energúmeno,2016-08-22 20:15:33+00:260,es,0
767817507897872645,71463624,Esbaratabailes,2016-08-22 20:15:33+00:261,es,0
767817507897872646,71463624,Escolimoso,2016-08-22 20:15:33+00:262,es,0
767817507897872647,71463624,Escornacabras,2016-08-22 20:15:33+00:263,es,0
767817507897872648,71463624,Estulto,2016-08-22 20:15:33+00:264,es,0
767817507897872649,71463624,Fanfosquero,2016-08-22 20:15:33+00:265,es,0
767817507897872650,71463624,Fantoche,2016-08-22 20:15:33+00:266,es,0
767817507897872651,71463624,Fariseo,2016-08-22 20:15:33+00:267,es,0
767817507897872652,71463624,Filimincias,2016-08-22 20:15:33+00:268,es,0
767817507897872653,71463624,Foligoso,2016-08-22 20:15:33+00:269,es,0
767817507897872654,71463624,Fulastre,2016-08-22 20:15:33+00:270,es,0
767817507897872655,71463624,Ganapán,2016-08-22 20:15:33+00:271,es,0
767817507897872656,71463624,Ganapio,2016-08-22 20:15:33+00:272,es,0
767817507897872657,71463624,Gandúl,2016-08-22 20:15:33+00:273,es,0
767817507897872658,71463624,Gañán,2016-08-22 20:15:33+00:274,es,0
767817507897872659,71463624,Gaznápiro,2016-08-22 20:15:33+00:275,es,0
767817507897872660,71463624,Gilipuertas,2016-08-22 20:15:33+00:276,es,0
767817507897872661,71463624,Giraesquinas,2016-08-22 20:15:33+00:277,es,0
767817507897872662,71463624,Gorrino,2016-08-22 20:15:33+00:278,es,0
767817507897872663,71463624,Gorrumino,2016-08-22 20:15:33+00:279,es,0
767817507897872664,71463624,Guitarro,2016-08-22 20:15:33+00:280,es,0
767817507897872665,71463624,Gurriato,2016-08-22 20:15:33+00:281,es,0
767817507897872666,71463624,Habahelá,2016-08-22 20:15:33+00:282,es,0
767817507897872667,71463624,Huelegateras,2016-08-22 20:15:33+00:283,es,0
767817507897872668,71463624, Huevón,2016-08-22 20:15:33+00:284,es,0
767817507897872669,71463624,Lamecharcos,2016-08-22 20:15:33+00:285,es,0
767817507897872670,71463624,Lameculos,2016-08-22 20:15:33+00:286,es,0
767817507897872671,71463624, Lameplatos,2016-08-22 20:15:33+00:287,es,0
767817507897872672,71463624,Lechuguino,2016-08-22 20:15:33+00:288,es,0
767817507897872673,71463624,Lerdo,2016-08-22 20:15:33+00:289,es,0
767817507897872674,71463624,Letrín,2016-08-22 20:15:33+00:290,es,0
767817507897872675,71463624,Lloramigas,2016-08-22 20:15:33+00:291,es,0
767817507897872676,71463624,Longanizas,2016-08-22 20:15:33+00:292,es,0
767817507897872677,71463624,Lumbreras,2016-08-22 20:15:33+00:293,es,0
767817507897872678,71463624,Maganto,2016-08-22 20:15:33+00:294,es,0
767817507897872679,71463624,Majadero,2016-08-22 20:15:33+00:295,es,0
767817507897872680,71463624,Malasangre,2016-08-22 20:15:33+00:296,es,0
767817507897872681,71463624,Malasombra,2016-08-22 20:15:33+00:297,es,0
767817507897872682,71463624,Malparido,2016-08-22 20:15:33+00:298,es,0
767817507897872683,71463624,Mameluco,2016-08-22 20:15:33+00:299,es,0
767817507897872684,71463624,Mamporrero,2016-08-22 20:15:33+00:300,es,0
767817507897872685,71463624,Manegueta,2016-08-22 20:15:33+00:301,es,0
767817507897872686,71463624,Mangarrán,2016-08-22 20:15:33+00:302,es,0
767817507897872687,71463624,Mangurrián,2016-08-22 20:15:33+00:303,es,0
767817507897872688,71463624,Mastuerzo,2016-08-22 20:15:33+00:304,es,0
767817507897872689,71463624,Matacandiles,2016-08-22 20:15:33+00:305,es,0
767817507897872690,71463624, Meapilas,2016-08-22 20:15:33+00:306,es,0
767817507897872691,71463624,Melón,2016-08-22 20:15:33+00:307,es,0
767817507897872692,71463624,Mendrugo,2016-08-22 20:15:33+00:308,es,0
767817507897872693,71463624,Mentecato,2016-08-22 20:15:33+00:309,es,0
767817507897872694,71463624,Mequetrefe,2016-08-22 20:15:33+00:310,es,0
767817507897872695,71463624, Merluzo,2016-08-22 20:15:33+00:311,es,0
767817507897872696,71463624, Metemuertos,2016-08-22 20:15:33+00:312,es,0
767817507897872697,71463624, Metijaco,2016-08-22 20:15:33+00:313,es,0
767817507897872698,71463624,Mindundi,2016-08-22 20:15:33+00:314,es,0
767817507897872699,71463624,Morlaco,2016-08-22 20:15:33+00:315,es,0
767817507897872700,71463624,Morroestufa,2016-08-22 20:15:33+00:316,es,0
767817507897872701,71463624,Muerdesartenes,2016-08-22 20:15:33+00:317,es,0
767817507897872702,71463624,Orate,2016-08-22 20:15:33+00:318,es,0
767817507897872703,71463624,Ovejo,2016-08-22 20:15:33+00:319,es,0
767817507897872704,71463624,Pagafantas,2016-08-22 20:15:33+00:320,es,0
767817507897872705,71463624,Palurdo,2016-08-22 20:15:33+00:321,es,0
767817507897872706,71463624,Pamplinas,2016-08-22 20:15:33+00:322,es,0
767817507897872707,71463624,Panarra,2016-08-22 20:15:33+00:323,es,0
767817507897872708,71463624,Panoli,2016-08-22 20:15:33+00:324,es,0
767817507897872709,71463624,Papafrita,2016-08-22 20:15:33+00:325,es,0
767817507897872710,71463624,Papanatas,2016-08-22 20:15:33+00:326,es,0
767817507897872711,71463624,Papirote,2016-08-22 20:15:33+00:327,es,0
767817507897872712,71463624,Paquete,2016-08-22 20:15:33+00:328,es,0
767817507897872713,71463624,Pardillo,2016-08-22 20:15:33+00:329,es,0
767817507897872714,71463624,Parguela,2016-08-22 20:15:33+00:330,es,0
767817507897872715,71463624,Pasmarote,2016-08-22 20:15:33+00:331,es,0
767817507897872716,71463624,Pasmasuegras,2016-08-22 20:15:33+00:332,es,0
767817507897872717,71463624,Pataliebre,2016-08-22 20:15:33+00:333,es,0
767817507897872718,71463624,Patán,2016-08-22 20:15:33+00:334,es,0
767817507897872719,71463624,Pavitonto,2016-08-22 20:15:33+00:335,es,0
767817507897872720,71463624, Pazguato,2016-08-22 20:15:33+00:336,es,0
767817507897872721,71463624,Pecholata,2016-08-22 20:15:33+00:337,es,0
767817507897872722,71463624, Pedorro,2016-08-22 20:15:33+00:338,es,0
767817507897872723,71463624, Peinabombillas,2016-08-22 20:15:33+00:339,es,0
767817507897872724,71463624,Peinaovejas,2016-08-22 20:15:33+00:340,es,0
767817507897872725,71463624,Pelagallos,2016-08-22 20:15:33+00:341,es,0
767817507897872726,71463624,Pelagambas,2016-08-22 20:15:33+00:342,es,0
767817507897872727,71463624,Pelagatos,2016-08-22 20:15:33+00:343,es,0
767817507897872728,71463624,Pelatigres,2016-08-22 20:15:33+00:344,es,0
767817507897872729,71463624,Pelazarzas,2016-08-22 20:15:33+00:345,es,0
767817507897872730,71463624,Pelele,2016-08-22 20:15:33+00:346,es,0
767817507897872731,71463624,Pelma,2016-08-22 20:15:33+00:347,es,0
767817507897872732,71463624,Percebe,2016-08-22 20:15:33+00:348,es,0
767817507897872733,71463624,Perrocostra,2016-08-22 20:15:33+00:349,es,0
767817507897872734,71463624,Perroflauta,2016-08-22 20:15:33+00:350,es,0
767817507897872735,71463624,Peterete,2016-08-22 20:15:33+00:351,es,0
767817507897872736,71463624,Petimetre,2016-08-22 20:15:33+00:352,es,0
767817507897872737,71463624,Picapleitos,2016-08-22 20:15:33+00:353,es,0
767817507897872738,71463624,Pichabrava,2016-08-22 20:15:33+00:354,es,0
767817507897872739,71463624,Pillavispas,2016-08-22 20:15:33+00:355,es,0
767817507897872740,71463624,Piltrafa,2016-08-22 20:15:33+00:356,es,0
767817507897872741,71463624, Pinchauvas,2016-08-22 20:15:33+00:357,es,0
767817507897872742,71463624,Pintamonas,2016-08-22 20:15:33+00:358,es,0
767817507897872743,71463624,Piojoso,2016-08-22 20:15:33+00:359,es,0
767817507897872744,71463624, Pitañoso,2016-08-22 20:15:33+00:360,es,0
767817507897872745,71463624,Pitofloro,2016-08-22 20:15:33+00:361,es,0
767817507897872746,71463624,Plomo,2016-08-22 20:15:33+00:362,es,0
767817507897872747,71463624,Pocasluces,2016-08-22 20:15:33+00:363,es,0
767817507897872748,71463624,Pollopera,2016-08-22 20:15:33+00:364,es,0
767817507897872749,71463624,Quitahipos,2016-08-22 20:15:33+00:365,es,0
767817507897872750,71463624,Rastrapajo,2016-08-22 20:15:33+00:366,es,0
767817507897872751,71463624,Rebañasandías,2016-08-22 20:15:33+00:367,es,0
767817507897872752,71463624,Revientabaules,2016-08-22 20:15:33+00:368,es,0
767817507897872753,71463624,Ríeleches,2016-08-22 20:15:33+00:369,es,0
767817507897872754,71463624,Robaperas,2016-08-22 20:15:33+00:370,es,0
767817507897872755,71463624,Sabandija,2016-08-22 20:15:33+00:371,es,0
767817507897872756,71463624,Sacamuelas,2016-08-22 20:15:33+00:372,es,0
767817507897872757,71463624,Sanguijuela,2016-08-22 20:15:33+00:373,es,0
767817507897872758,71463624,Sinentraero,2016-08-22 20:15:33+00:374,es,0
767817507897872759,71463624,Sinsustancia,2016-08-22 20:15:33+00:375,es,0
767817507897872760,71463624,Sonajas,2016-08-22 20:15:33+00:376,es,0
767817507897872761,71463624, Sonso,2016-08-22 20:15:33+00:377,es,0
767817507897872762,71463624, Soplagaitas,2016-08-22 20:15:33+00:378,es,0
767817507897872763,71463624,Soplaguindas,2016-08-22 20:15:33+00:379,es,0
767817507897872764,71463624,Sosco,2016-08-22 20:15:33+00:380,es,0
767817507897872765,71463624, Tagarote,2016-08-22 20:15:33+00:381,es,0
767817507897872766,71463624,Tarado,2016-08-22 20:15:33+00:382,es,0
767817507897872767,71463624,Tarugo,2016-08-22 20:15:33+00:383,es,0
767817507897872768,71463624,Tiralevitas,2016-08-22 20:15:33+00:384,es,0
767817507897872769,71463624,Tocapelotas,2016-08-22 20:15:33+00:385,es,0
767817507897872770,71463624,Tocho,2016-08-22 20:15:33+00:386,es,0
767817507897872771,71463624,Tolai,2016-08-22 20:15:33+00:387,es,0
767817507897872772,71463624,Tontaco,2016-08-22 20:15:33+00:388,es,0
767817507897872773,71463624,Tontucio,2016-08-22 20:15:33+00:389,es,0
767817507897872774,71463624, Tordo,2016-08-22 20:15:33+00:390,es,0
767817507897872775,71463624,Tragaldabas,2016-08-22 20:15:33+00:391,es,0
767817507897872776,71463624,Tuercebotas,2016-08-22 20:15:33+00:392,es,0
767817507897872777,71463624,Tunante,2016-08-22 20:15:33+00:393,es,0
767817507897872778,71463624,Zamacuco,2016-08-22 20:15:33+00:394,es,0
767817507897872779,71463624, Zambombo,2016-08-22 20:15:33+00:395,es,0
767817507897872780,71463624,Zampabollos,2016-08-22 20:15:33+00:396,es,0
767817507897872781,71463624,Zamugo,2016-08-22 20:15:33+00:397,es,0
767817507897872782,71463624,Zángano,2016-08-22 20:15:33+00:398,es,0
767817507897872783,71463624, Zarrapastroso,2016-08-22 20:15:33+00:399,es,0
767817507897872784,71463624,Zascandil,2016-08-22 20:15:33+00:400,es,0
767817507897872785,71463624, Zopenco,2016-08-22 20:15:33+00:401,es,0
767817507897872786,71463624,Zoquete,2016-08-22 20:15:33+00:402,es,0
767817507897872787,71463624,Zote,2016-08-22 20:15:33+00:403,es,0
767817507897872788,71463624,Zullenco,2016-08-22 20:15:33+00:404,es,0
767817507897872789,71463624,Zurcefrenillos,2016-08-22 20:15:33+00:405,es,0
767817507897872790,71463624,certado,2016-08-22 20:15:33+00:406,es,1
767817507897872791,71463624,adaptable,2016-08-22 20:15:33+00:407,es,1
767817507897872792,71463624,adecuado,2016-08-22 20:15:33+00:408,es,1
767817507897872793,71463624,ágil,2016-08-22 20:15:33+00:409,es,1
767817507897872794,71463624,agradable,2016-08-22 20:15:33+00:410,es,1
767817507897872795,71463624,alegre,2016-08-22 20:15:33+00:411,es,1
767817507897872796,71463624,amable,2016-08-22 20:15:33+00:412,es,1
767817507897872797,71463624,apto,2016-08-22 20:15:33+00:413,es,1
767817507897872798,71463624,atento,2016-08-22 20:15:33+00:414,es,1
767817507897872799,71463624,bondadoso,2016-08-22 20:15:33+00:415,es,1
767817507897872800,71463624,bueno,2016-08-22 20:15:33+00:416,es,1
767817507897872801,71463624,capaz,2016-08-22 20:15:33+00:417,es,1
767817507897872802,71463624,coherente,2016-08-22 20:15:33+00:418,es,1
767817507897872803,71463624,compasivo,2016-08-22 20:15:33+00:419,es,1
767817507897872804,71463624,contento,2016-08-22 20:15:33+00:420,es,1
767817507897872805,71463624,cordial,2016-08-22 20:15:33+00:421,es,1
767817507897872806,71463624,decidido,2016-08-22 20:15:33+00:422,es,1
767817507897872807,71463624,delicioso,2016-08-22 20:15:33+00:423,es,1
767817507897872808,71463624,detallista,2016-08-22 20:15:33+00:424,es,1
767817507897872809,71463624,dialogante,2016-08-22 20:15:33+00:425,es,1
767817507897872810,71463624,educado,2016-08-22 20:15:33+00:426,es,1
767817507897872811,71463624,eficaz,2016-08-22 20:15:33+00:427,es,1
767817507897872812,71463624,eficiente,2016-08-22 20:15:33+00:428,es,1
767817507897872813,71463624,emprendedor,2016-08-22 20:15:33+00:429,es,1
767817507897872814,71463624,encantador,2016-08-22 20:15:33+00:430,es,1
767817507897872815,71463624,enorme,2016-08-22 20:15:33+00:431,es,1
767817507897872816,71463624,estupendo,2016-08-22 20:15:33+00:432,es,1
767817507897872817,71463624,excepcional,2016-08-22 20:15:33+00:433,es,1
767817507897872818,71463624,extraordinario,2016-08-22 20:15:33+00:434,es,1
767817507897872819,71463624,fantástico,2016-08-22 20:15:33+00:435,es,1
767817507897872820,71463624,feliz,2016-08-22 20:15:33+00:436,es,1
767817507897872821,71463624,fiel,2016-08-22 20:15:33+00:437,es,1
767817507897872822,71463624,firme,2016-08-22 20:15:33+00:438,es,1
767817507897872823,71463624,genial,2016-08-22 20:15:33+00:439,es,1
767817507897872824,71463624,gran,2016-08-22 20:15:33+00:440,es,1
767817507897872825,71463624,grande,2016-08-22 20:15:33+00:441,es,1
767817507897872826,71463624,hábil,2016-08-22 20:15:33+00:442,es,1
767817507897872827,71463624,hermoso,2016-08-22 20:15:33+00:443,es,1
767817507897872828,71463624,honrado,2016-08-22 20:15:33+00:444,es,1
767817507897872829,71463624,independiente,2016-08-22 20:15:33+00:445,es,1
767817507897872830,71463624,ingenioso,2016-08-22 20:15:33+00:446,es,1
767817507897872831,71463624,inteligente,2016-08-22 20:15:33+00:447,es,1
767817507897872832,71463624,interesante,2016-08-22 20:15:33+00:448,es,1
767817507897872833,71463624,justo,2016-08-22 20:15:33+00:449,es,1
767817507897872834,71463624,leal,2016-08-22 20:15:33+00:450,es,1
767817507897872835,71463624,linda,2016-08-22 20:15:33+00:451,es,1
767817507897872836,71463624,lógico,2016-08-22 20:15:33+00:452,es,1
767817507897872837,71463624,maravilloso,2016-08-22 20:15:33+00:453,es,1
767817507897872838,71463624,notable,2016-08-22 20:15:33+00:454,es,1
767817507897872839,71463624,objetivo,2016-08-22 20:15:33+00:455,es,1
767817507897872840,71463624,optimista,2016-08-22 20:15:33+00:456,es,1
767817507897872841,71463624,ordenado,2016-08-22 20:15:33+00:457,es,1
767817507897872842,71463624,organizado,2016-08-22 20:15:33+00:458,es,1
767817507897872843,71463624,orgulloso,2016-08-22 20:15:33+00:459,es,1
767817507897872844,71463624,orientado,2016-08-22 20:15:33+00:460,es,1
767817507897872845,71463624,paciente,2016-08-22 20:15:33+00:461,es,1
767817507897872846,71463624,pacífico,2016-08-22 20:15:33+00:462,es,1
767817507897872847,71463624,positivo,2016-08-22 20:15:33+00:463,es,1
767817507897872848,71463624,preparado,2016-08-22 20:15:33+00:464,es,1
767817507897872849,71463624,productivo,2016-08-22 20:15:33+00:465,es,1
767817507897872850,71463624,protector,2016-08-22 20:15:33+00:466,es,1
767817507897872851,71463624,prudente,2016-08-22 20:15:33+00:467,es,1
767817507897872852,71463624,puntual,2016-08-22 20:15:33+00:468,es,1
767817507897872853,71463624,rápido,2016-08-22 20:15:33+00:469,es,1
767817507897872854,71463624,razonable,2016-08-22 20:15:33+00:470,es,1
767817507897872855,71463624,respetuoso,2016-08-22 20:15:33+00:471,es,1
767817507897872856,71463624,responsable,2016-08-22 20:15:33+00:472,es,1
767817507897872857,71463624,sabio,2016-08-22 20:15:33+00:473,es,1
767817507897872858,71463624,seguro,2016-08-22 20:15:33+00:474,es,1
767817507897872859,71463624,tenaz,2016-08-22 20:15:33+00:475,es,1
767817507897872860,71463624,tolerante,2016-08-22 20:15:33+00:476,es,1
767817507897872861,71463624,tranquilo,2016-08-22 20:15:33+00:477,es,1
767817507897872862,71463624,único,2016-08-22 20:15:33+00:478,es,1
767817507897872863,71463624,válido,2016-08-22 20:15:33+00:479,es,1
767817507897872864,71463624,valiente,2016-08-22 20:15:33+00:480,es,1
767817507897872865,71463624,gilipollas,2016-08-22 20:15:33+00:481,es,0
767817507897872866,71463624,imbecil,2016-08-22 20:15:33+00:482,es,0
767817507897872867,71463624,subnormal,2016-08-22 20:15:33+00:483,es,0
767817507897872868,71463624,hijo de puta,2016-08-22 20:15:33+00:484,es,0
767817507897872869,71463624,hija de puta,2016-08-22 20:15:33+00:485,es,0
767817507897872870,71463624,cabron ,2016-08-22 20:15:33+00:486,es,0
767817507897872871,71463624,cabrona,2016-08-22 20:15:33+00:487,es,0
767817507897872872,71463624,subnormal,2016-08-22 20:15:33+00:488,es,0
767817507897872873,71463624,hijoputa,2016-08-22 20:15:33+00:489,es,0
767817507897872874,71463624,hijaputa,2016-08-22 20:15:33+00:490,es,0
767817507897872875,71463624,tonto,2016-08-22 20:15:33+00:491,es,0
767817507897872876,71463624,tontaco,2016-08-22 20:15:33+00:492,es,0
767817507897872877,71463624,idiota,2016-08-22 20:15:33+00:493,es,0
767817507897872878,71463624,puto,2016-08-22 20:15:33+00:494,es,0
767817507897872879,71463624,puta,2016-08-22 20:15:33+00:495,es,0
767817507897872880,71463624,capullo,2016-08-22 20:15:33+00:496,es,0
767817507897872881,71463624,capulla,2016-08-22 20:15:33+00:497,es,0
767817507897872882,71463624,payaso,2016-08-22 20:15:33+00:498,es,0
767817507897872883,71463624,payasa,2016-08-22 20:15:33+00:499,es,0
767817507897872884,71463624,fraudulento,2016-08-22 20:15:33+00:500,es,0